{
  "context": {
    "domain": "nic2004:52110",
    "country": "IND",
    "city": "std:040",
    "action": "init",
    "core_version": "1.0.0",
    "bap_id": "ondc.eunimart.com",
    "bap_uri": "https://ondc.eunimart.com/api/v1/ondc/bap/eunimart_bap/",
    "transaction_id": "10ca3d99-bf19-4620-bf50-3a33b2a2a8d2",
    "ttl": "PT30S",
    "message_id": "fa48ace5-1e4a-4519-9bf2-1bfaf894a233",
    "timestamp": "2023-01-23T11:21:22.840Z",
    "bpp_id": "ondc.ideamasters.store",
    "bpp_uri": "https://ondc.ideamasters.store/ondc/v1/166476/bpp"
  },
  "message": {
    "order": {
      "provider": {
        "id": "166223",
        "locations": [

        ]
      },
      "items": [
        {
          "id": "42827894",
          "fulfillment_id": "1",
          "quantity": {
            "count": 3
          }
        }
      ],
      "billing": {
        "address": {
          "door": "Queen's PG, Madhapur",
          "city": "Hyderabad",
          "state": "Telangana",
          "country": "",
          "area_code": "500081"
        },
        "phone": "7896541235",
        "name": "Saira",
        "email": "saira@gmail.com"
      },
      "fulfillments": [
        {
          "id": 1,
          "tracking": false,
          "end": {
            "contact": {
              "email": "saira@gmail.com",
              "phone": "7896541235"
            },
            "location": {
              "gps": "17.4485835,78.39080349999999",
              "address": {
                "door": "Queen's PG, Madhapur",
                "city": "Hyderabad",
                "state": "Telangana",
                "country": "",
                "area_code": "500081"
              }
            }
          },
          "type": "Delivery",
          "provider_id": "166223"
        }
      ],
      "tags": [
        {
          "code": "bap_terms_fee",
          "list": [
            {
              "code": "finder_fee_type",
              "value": "Percent"
            },
            {
              "code": "finder_fee_amount",
              "value": "3"
            }
          ]
        }
      ]
    }
  }
}