{
  "context": {
    "action": "on_confirm",
    "bap_id": "ondc.eunimart.com",
    "bap_uri": "https://ondc.eunimart.com/api/v1/ondc/bap/eunimart_bap/",
    "bpp_id": "ondc.ideamasters.store",
    "bpp_uri": "https://ondc.ideamasters.store/ondc/v1/166476/bpp",
    "city": "std:040",
    "core_version": "1.0.0",
    "country": "IND",
    "domain": "nic2004:52110",
    "message_id": "94708100-0216-4f7a-a11b-bb96f375e993",
    "timestamp": "2023-01-23T11:22:29.801Z",
    "transaction_id": "10ca3d99-bf19-4620-bf50-3a33b2a2a8d2",
    "ttl": "PT30S"
  },
  "message": {
    "order": {
      "billing": {
        "address": {
          "area_code": "500081",
          "city": "Hyderabad",
          "country": "",
          "door": "Queen's PG, Madhapur",
          "state": "Telangana"
        },
        "email": "saira@gmail.com",
        "name": "Saira",
        "phone": "7896541235"
      },
      "fulfillments": [
        {
          "@ondc/org/provider_name": "Ideamasters Services Pvt Ltd",
          "end": {
            "contact": {
              "phone": "7896541235"
            },
            "instructions": {
              "name": "Status for drop",
              "short_desc": "Delivery Confirmation Code"
            },
            "location": {
              "address": {
                "area_code": "500081",
                "city": "Hyderabad",
                "country": "",
                "door": "Queen's PG, Madhapur",
                "state": "Telangana"
              },
              "gps": "17.4485835,78.39080349999999"
            },
            "time": {
              "range": {
                "end": "",
                "start": ""
              }
            }
          },
          "id": "1",
          "start": {
            "contact": {
              "email": "info@ideamasters.in",
              "phone": "8860002506"
            },
            "instructions": {
              "name": "Status for pickup",
              "short_desc": "Pickup Confirmation Code"
            },
            "location": {
              "descriptor": {
                "name": "164589"
              },
              "gps": "28.5550504,77.2861861",
              "id": "164589"
            },
            "time": {
              "range": {
                "end": "",
                "start": ""
              }
            }
          },
          "state": {
            "descriptor": {
              "code": "Pending",
              "name": "Pending"
            }
          },
          "tracking": false,
          "type": "Delivery"
        }
      ],
      "id": "879794ec-94fc-4546-a20f-9cfb0c460a70",
      "items": [
        {
          "fulfillment_id": "1",
          "id": "42827894",
          "quantity": {
            "count": 3
          }
        }
      ],
      "payment": {
        "@ondc/org/buyer_app_finder_fee_amount": "3",
        "@ondc/org/buyer_app_finder_fee_type": "Percent",
        "@ondc/org/return_window": "0",
        "@ondc/org/settlement_basis": null,
        "@ondc/org/settlement_details": [
          {
            "bank_name": null,
            "beneficiary_name": null,
            "branch_name": null,
            "settlement_bank_account_no": null,
            "settlement_counterparty": null,
            "settlement_ifsc_code": null,
            "settlement_phase": null,
            "settlement_type": null,
            "upi_address": null
          }
        ],
        "@ondc/org/settlement_window": "P2D",
        "@ondc/org/withholding_amount": null,
        "collected_by": "BAP",
        "params": {
          "amount": "1467.0",
          "currency": "INR"
        },
        "status": "PAID",
        "type": "ON-ORDER"
      },
      "provider": {
        "id": "166223",
        "locations": [
          {
            "id": "164589"
          }
        ]
      },
      "quote": {
        "price": {
          "breakup": [
            {
              "@ondc/org/item_id": "42827894",
              "@ondc/org/item_quantity": {
                "count": 3
              },
              "@ondc/org/title_type": "item",
              "item": {
                "price": {
                  "currency": "INR",
                  "value": "489.0"
                },
                "quantity": {
                  "available": {
                    "count": "6"
                  },
                  "maximum": {
                    "count": "6"
                  }
                }
              },
              "price": {
                "currency": "INR",
                "value": "1467.0"
              },
              "title": "Portable Electric USB Juice Maker Juicer Bottle Blender Grinder Mixer, Rechargeable Juicer Bottle with 6 Blades, Fruit Juicer for All Fruits, Juice Maker Machine (JUICER BOTTLE NEW)"
            }
          ],
          "currency": "INR",
          "value": "1467.0"
        },
        "ttl": "P1D"
      },
      "state": "Created"
    }
  }
}