{
  "context": {
    "action": "on_init",
    "bap_id": "ondc.eunimart.com",
    "bap_uri": "https://ondc.eunimart.com/api/v1/ondc/bap/eunimart_bap/",
    "bpp_id": "ondc.ideamasters.store",
    "bpp_uri": "https://ondc.ideamasters.store/ondc/v1/166476/bpp",
    "city": "std:040",
    "core_version": "1.0.0",
    "country": "IND",
    "domain": "nic2004:52110",
    "message_id": "fa48ace5-1e4a-4519-9bf2-1bfaf894a233",
    "timestamp": "2023-01-23T11:21:23.164Z",
    "transaction_id": "10ca3d99-bf19-4620-bf50-3a33b2a2a8d2",
    "ttl": "PT30S"
  },
  "message": {
    "order": {
      "billing": {
        "address": {
          "area_code": "500081",
          "city": "Hyderabad",
          "country": "",
          "door": "Queen's PG, Madhapur",
          "state": "Telangana"
        },
        "email": "saira@gmail.com",
        "name": "Saira",
        "phone": "7896541235"
      },
      "fulfillments": [
        {
          "end": {
            "contact": {
              "email": "saira@gmail.com",
              "phone": "7896541235"
            },
            "location": {
              "address": {
                "area_code": "500081",
                "city": "Hyderabad",
                "country": "",
                "door": "Queen's PG, Madhapur",
                "state": "Telangana"
              },
              "gps": "17.4485835,78.39080349999999"
            }
          },
          "id": 1,
          "provider_id": "166223",
          "tracking": false,
          "type": "Delivery"
        }
      ],
      "items": [
        {
          "fulfillment_id": "1",
          "id": "42827894",
          "quantity": {
            "count": 3
          }
        }
      ],
      "payment": {
        "@ondc/org/buyer_app_finder_fee_amount": "3",
        "@ondc/org/buyer_app_finder_fee_type": "Percent",
        "@ondc/org/return_window": "0",
        "@ondc/org/settlement_basis": null,
        "@ondc/org/settlement_details": [
          {
            "bank_name": null,
            "beneficiary_name": null,
            "branch_name": null,
            "settlement_bank_account_no": null,
            "settlement_counterparty": null,
            "settlement_ifsc_code": null,
            "settlement_phase": null,
            "settlement_type": null,
            "upi_address": null
          }
        ],
        "@ondc/org/settlement_window": "P2D",
        "@ondc/org/withholding_amount": null,
        "collected_by": "BAP",
        "type": "ON-ORDER"
      },
      "provider": {
        "id": "166223"
      },
      "provider_location": {
        "id": "164589"
      },
      "quote": {
        "breakup": [
          {
            "@ondc/org/item_id": "42827894",
            "@ondc/org/item_quantity": {
              "count": 3
            },
            "@ondc/org/title_type": "item",
            "item": {
              "price": {
                "currency": "INR",
                "value": "489.0"
              },
              "quantity": {
                "available": {
                  "count": "9"
                },
                "maximum": {
                  "count": "9"
                }
              }
            },
            "price": {
              "currency": "INR",
              "value": "1467.0"
            },
            "title": "Portable Electric USB Juice Maker Juicer Bottle Blender Grinder Mixer, Rechargeable Juicer Bottle with 6 Blades, Fruit Juicer for All Fruits, Juice Maker Machine (JUICER BOTTLE NEW)"
          }
        ],
        "price": {
          "currency": "INR",
          "value": "1467.0"
        },
        "ttl": "P1D"
      }
    }
  }
}