{
  "context": {
    "action": "on_search",
    "bap_id": "ondc.eunimart.com",
    "bap_uri": "https://ondc.eunimart.com/api/v1/ondc/bap/eunimart_bap/",
    "bpp_id": "ondc.ideamasters.store",
    "bpp_uri": "https://ondc.ideamasters.store/ondc/v1/166476/bpp",
    "city": "std:040",
    "core_version": "1.0.0",
    "country": "IND",
    "domain": "nic2004:52110",
    "message_id": "b52ef41a-f805-4340-aefe-90b42ac86adc",
    "timestamp": "2023-01-23T11:19:09.737Z",
    "transaction_id": "5f8d2ba1-1ae0-4a2d-8527-d822306aa959",
    "ttl": "PT30S"
  },
  "message": {
    "catalog": {
      "bpp/descriptor": {
        "images": [
          "http://assets1.craftsvilla.com/retail/upload/bWFya2V0cGxhY2VfbG9nb18xNjcxNzc5NDgzXzE0NDA=.png"
        ],
        "long_desc": "IDEAMASTERS",
        "name": "",
        "short_desc": "IDEAMASTERS",
        "symbol": "http://assets1.craftsvilla.com/retail/upload/bWFya2V0cGxhY2VfbG9nb18xNjcxNzc5NDgzXzE0NDA=.png"
      },
      "bpp/fulfillments": [
        {
          "id": "1",
          "type": "Delivery"
        },
        {
          "id": "2",
          "type": "Pickup"
        },
        {
          "id": "3",
          "type": "Delivery and Pickup"
        }
      ],
      "bpp/providers": [
        {
          "@ondc/org/fssai_license_no": "",
          "descriptor": {
            "images": [
              "https://cdn.plotch.io/image/upload/w_301,h_301/C/V/PLOhaN5S3m1657284382_df318ae4da705f4f5c6ea3a744f0d7dae54d9d4761179687e59ef06f52c9b8ef.jpg"
            ],
            "long_desc": "",
            "name": "MAULIK M. RAFALIYA",
            "short_desc": "",
            "symbol": "https://cdn.plotch.io/image/upload/w_301,h_301/C/V/PLOhaN5S3m1657284382_df318ae4da705f4f5c6ea3a744f0d7dae54d9d4761179687e59ef06f52c9b8ef.jpg"
          },
          "id": "116108",
          "items": [
            {
              "@ondc/org/available_on_cod": false,
              "@ondc/org/cancellable": true,
              "@ondc/org/contact_details_consumer_care": ", ",
              "@ondc/org/return_window": "P7D",
              "@ondc/org/returnable": true,
              "@ondc/org/seller_pickup_return": false,
              "@ondc/org/statutory_reqs_packaged_commodities": {
                "common_or_generic_name_of_commodity": "",
                "imported_product_country_of_origin": "India",
                "manufacturer_or_packer_address": "",
                "manufacturer_or_packer_name": "",
                "month_year_of_manufacture_packing_import": "",
                "net_quantity_or_measure_of_commodity_in_pkg": ""
              },
              "@ondc/org/statutory_reqs_prepackaged_food": {
                "additives_info": "",
                "nutritional_info": ""
              },
              "@ondc/org/time_to_ship": "P7D",
              "category_id": "Home & Decor",
              "descriptor": {
                "images": [
                  "https://cdn.plotch.io/image/upload/w_301,h_301/C/V/PLOPKLP6nI1672311757_2a43b8bda71359fbcdd6ebbb727f0022ac22fe5ca9d5ac1f1ba1de4e060bd06d.jpg",
                  "https://cdn.plotch.io/image/upload/w_301,h_301/C/V/PLOtxpLast1672311758_2a43b8bda71359fbcdd6ebbb727f0022ac22fe5ca9d5ac1f1ba1de4e060bd06d.jpg",
                  "https://cdn.plotch.io/image/upload/w_301,h_301/C/V/PLOc25hi2J1672311757_49cafd1cfb1b69cc731a3821bebdd1463e392d515a05ffb2617e93ec2a47e043.jpg",
                  "https://cdn.plotch.io/image/upload/w_301,h_301/C/V/PLOA13PSLI1672311757_9482ec54b8706742789d4206ffbfdf61b3df88793413516db7eb3796c9fe7c21.jpg",
                  "https://cdn.plotch.io/image/upload/w_301,h_301/C/V/PLOOlWNisX1672311758_50e025729890fcfac2420ef5a16693aa0f0460f38887fdec89de9fc4f66aae77.jpg"
                ],
                "long_desc": "Portable Electric USB Juice Maker Juicer Bottle Blender Grinder Mixer, Rechargeable Juicer Bottle with 6 Blades, Fruit Juicer for All Fruits, Juice Maker Machine (JUICER BOTTLE NEW)",
                "name": "Portable Electric USB Juice Maker Juicer Bottle Blender Grinder Mixer, Rechargeable Juicer Bottle with 6 Blades, Fruit Juicer for All Fruits, Juice Maker Machine (JUICER BOTTLE NEW)",
                "short_desc": "Portable Electric USB Juice Maker Juicer Bottle Blender Grinder Mixer, Rechargeable Juicer Bottle with 6 Blades, Fruit Juicer for All Fruits, Juice Maker Machine (JUICER BOTTLE NEW)",
                "symbol": "https://cdn.plotch.io/image/upload/w_301,h_301/C/V/PLOPKLP6nI1672311757_2a43b8bda71359fbcdd6ebbb727f0022ac22fe5ca9d5ac1f1ba1de4e060bd06d.jpg"
              },
              "fulfillment_id": "1",
              "id": "42827894",
              "location_id": "166236",
              "price": {
                "currency": "INR",
                "maximum_value": "1299.0",
                "value": "489.0"
              },
              "tags": {
                "non-veg": "no",
                "veg": "no"
              }
            },
            {
              "@ondc/org/available_on_cod": false,
              "@ondc/org/cancellable": false,
              "@ondc/org/contact_details_consumer_care": ", ",
              "@ondc/org/return_window": "P7D",
              "@ondc/org/returnable": false,
              "@ondc/org/seller_pickup_return": false,
              "@ondc/org/statutory_reqs_packaged_commodities": {
                "common_or_generic_name_of_commodity": "",
                "imported_product_country_of_origin": "India",
                "manufacturer_or_packer_address": "Believers Group",
                "manufacturer_or_packer_name": "Believers Group",
                "month_year_of_manufacture_packing_import": "",
                "net_quantity_or_measure_of_commodity_in_pkg": ""
              },
              "@ondc/org/statutory_reqs_prepackaged_food": {
                "additives_info": "",
                "nutritional_info": ""
              },
              "@ondc/org/time_to_ship": "P2D",
              "category_id": "Home & Decor",
              "descriptor": {
                "images": [
                  "https://cdn.plotch.io/image/upload/w_301,h_301/C/V/PLORaca8PY1672311756_e0a4cccb5249a95cd3a065ecb48dde27aef6e8cf8443a273426e96f2e4d6cfaa.jpg",
                  "https://cdn.plotch.io/image/upload/w_301,h_301/C/V/PLOqlLHHwo1672311759_398adce3a9c1fddb1ed1bb6b6e58dde0e8d087b8656fa14fedd2b5713c4f1225.jpg",
                  "https://cdn.plotch.io/image/upload/w_301,h_301/C/V/PLORZ1F2lp1672311758_01fc16377dd0849a479e79da98c79487604b69b0e6dc9f47df007770bd898a9d.jpg",
                  "https://cdn.plotch.io/image/upload/w_301,h_301/C/V/PLOaH4lEwX1672311757_77735bf09c7663cbdbec56826e51e0ed0187ab50e00962a39772430608c34264.jpg",
                  "https://cdn.plotch.io/image/upload/w_301,h_301/C/V/PLOEs8YGRG1672311760_77735bf09c7663cbdbec56826e51e0ed0187ab50e00962a39772430608c34264.jpg"
                ],
                "long_desc": "Unbreakable Water Bottle 1 L with Motivational Time Marker, Leakproof Durable BPA Free Non-Toxic Water Bottle for Office,Water Bottle for Gym | Detoxing eBook Included | Blue Fuchsia(1Pk)",
                "name": "Unbreakable Water Bottle 1 L with Motivational Time Marker, Leakproof Durable BPA Free Non-Toxic Water Bottle for Office,Water Bottle for Gym | Detoxing eBook Included | Blue Fuchsia(1Pk)",
                "short_desc": "Unbreakable Water Bottle 1 L with Motivational Time Marker, Leakproof Durable BPA Free Non-Toxic Water Bottle for Office,Water Bottle for Gym | Detoxing eBook Included | Blue Fuchsia(1Pk)",
                "symbol": "https://cdn.plotch.io/image/upload/w_301,h_301/C/V/PLORaca8PY1672311756_e0a4cccb5249a95cd3a065ecb48dde27aef6e8cf8443a273426e96f2e4d6cfaa.jpg"
              },
              "fulfillment_id": "1",
              "id": "42827899",
              "location_id": "166236",
              "price": {
                "currency": "INR",
                "maximum_value": "1299.0",
                "value": "499.0"
              },
              "tags": {
                "non-veg": "no",
                "veg": "no"
              }
            },
            {
              "@ondc/org/available_on_cod": false,
              "@ondc/org/cancellable": false,
              "@ondc/org/contact_details_consumer_care": ", ",
              "@ondc/org/return_window": "P7D",
              "@ondc/org/returnable": false,
              "@ondc/org/seller_pickup_return": false,
              "@ondc/org/statutory_reqs_packaged_commodities": {
                "common_or_generic_name_of_commodity": "",
                "imported_product_country_of_origin": "India",
                "manufacturer_or_packer_address": "",
                "manufacturer_or_packer_name": "",
                "month_year_of_manufacture_packing_import": "",
                "net_quantity_or_measure_of_commodity_in_pkg": ""
              },
              "@ondc/org/statutory_reqs_prepackaged_food": {
                "additives_info": "",
                "nutritional_info": ""
              },
              "@ondc/org/time_to_ship": "P7D",
              "category_id": "Home & Decor",
              "descriptor": {
                "images": [
                  "https://cdn.plotch.io/image/upload/w_301,h_301/C/V/PLOXxoGbEj1672311757_fccd0bead4c8b9630042fe6f6e7fa3a3e6fdf9f317c4fa70e49158b494b233a6.jpg",
                  "https://cdn.plotch.io/image/upload/w_301,h_301/C/V/PLOOfADoFP1672311758_f8bec3e0ad2b49af0b7895a8d00275c9684605ad1761930ce52afda09a500762.jpg",
                  "https://cdn.plotch.io/image/upload/w_301,h_301/C/V/PLO69jTEjg1672311758_f8bec3e0ad2b49af0b7895a8d00275c9684605ad1761930ce52afda09a500762.jpg",
                  "https://cdn.plotch.io/image/upload/w_301,h_301/C/V/PLOQ0zKnwG1672311757_b57d8e1cdc0366d562b978244027241017edc0567df3de15069348948b76fd04.jpg",
                  "https://cdn.plotch.io/image/upload/w_301,h_301/C/V/PLOHnXAMfK1672311759_a07596c122686f0996da35c769f0ce5e040600b23a9b015379e2bed2dabf6aa1.jpg"
                ],
                "long_desc": "Hot & Cold Flask Bottle Temperature Display Indicator Insulated Stainless Steel Smart Water Bottle, Double Wall Vacuum Intelligent Cup, Perfect for Hot and Cold Drinks,500ml(Black)",
                "name": "Hot & Cold Flask Bottle Temperature Display Indicator Insulated Stainless Steel Smart Water Bottle, Double Wall Vacuum Intelligent Cup, Perfect for Hot and Cold Drinks,500ml(Black)",
                "short_desc": "Hot & Cold Flask Bottle Temperature Display Indicator Insulated Stainless Steel Smart Water Bottle, Double Wall Vacuum Intelligent Cup, Perfect for Hot and Cold Drinks,500ml(Black)",
                "symbol": "https://cdn.plotch.io/image/upload/w_301,h_301/C/V/PLOXxoGbEj1672311757_fccd0bead4c8b9630042fe6f6e7fa3a3e6fdf9f317c4fa70e49158b494b233a6.jpg"
              },
              "fulfillment_id": "1",
              "id": "42827897",
              "location_id": "166236",
              "price": {
                "currency": "INR",
                "maximum_value": "1599.0",
                "value": "499.0"
              },
              "tags": {
                "non-veg": "no",
                "veg": "no"
              }
            },
            {
              "@ondc/org/available_on_cod": false,
              "@ondc/org/cancellable": false,
              "@ondc/org/contact_details_consumer_care": ", ",
              "@ondc/org/return_window": "P7D",
              "@ondc/org/returnable": false,
              "@ondc/org/seller_pickup_return": false,
              "@ondc/org/statutory_reqs_packaged_commodities": {
                "common_or_generic_name_of_commodity": "",
                "imported_product_country_of_origin": "India",
                "manufacturer_or_packer_address": "",
                "manufacturer_or_packer_name": "",
                "month_year_of_manufacture_packing_import": "",
                "net_quantity_or_measure_of_commodity_in_pkg": ""
              },
              "@ondc/org/statutory_reqs_prepackaged_food": {
                "additives_info": "",
                "nutritional_info": ""
              },
              "@ondc/org/time_to_ship": "P7D",
              "category_id": "Home & Decor",
              "descriptor": {
                "images": [
                  "https://cdn.plotch.io/image/upload/w_301,h_301/C/V/PLOeKpqTfi1672311757_3ae1e72b0e4988b9c1b593a90bb5e7ab1e87eb26aa0d55103a3e380e8018283d.jpg",
                  "https://cdn.plotch.io/image/upload/w_301,h_301/C/V/PLOpHIc1ke1672311758_c6e64adf9043dccd067b2c12a443dace9554035016e0bd03943accd1de1df7c0.jpg",
                  "https://cdn.plotch.io/image/upload/w_301,h_301/C/V/PLOTk6gnEb1672311758_f8edb0c5e4ef8fe82161e4e7233a0270852aba64ba5c517c8d15b30c2549871c.jpg",
                  "https://cdn.plotch.io/image/upload/w_301,h_301/C/V/PLOOePtHf71672311757_76bc52e8af8a542179635cdfff53c600b3a8718d9eea1421d5cb7526c189195e.jpg",
                  "https://cdn.plotch.io/image/upload/w_301,h_301/C/V/PLOyrmyhyB1672311759_6c6eec21b3edeb0e95af0bdf49d00111d3fa58c9949a21691bc30333b270c4c2.jpg"
                ],
                "long_desc": "Double Wall Stainless Steel Thermo 500ml Vacuum Insulated Bottle Water Flask Gift Set with Two Cups Hot & Cold | Assorted Color | Diwali Gifts for Employees | Corporate Gift Items",
                "name": "Double Wall Stainless Steel Thermo 500ml Vacuum Insulated Bottle Water Flask Gift Set with Two Cups Hot & Cold | Assorted Color | Diwali Gifts for Employees | Corporate Gift Items",
                "short_desc": "Double Wall Stainless Steel Thermo 500ml Vacuum Insulated Bottle Water Flask Gift Set with Two Cups Hot & Cold | Assorted Color | Diwali Gifts for Employees | Corporate Gift Items",
                "symbol": "https://cdn.plotch.io/image/upload/w_301,h_301/C/V/PLOeKpqTfi1672311757_3ae1e72b0e4988b9c1b593a90bb5e7ab1e87eb26aa0d55103a3e380e8018283d.jpg"
              },
              "fulfillment_id": "1",
              "id": "42827898",
              "location_id": "166236",
              "price": {
                "currency": "INR",
                "maximum_value": "999.0",
                "value": "649.0"
              },
              "tags": {
                "non-veg": "no",
                "veg": "no"
              }
            }
          ],
          "locations": [
            {
              "address": {
                "area_code": "394101",
                "city": "Surat",
                "state": "GUJARAT",
                "street": "501,, SILVASSA HILL,OPP.MATRUSHREE FARM, SUDAMA CHOWK,, MOTA VARACHHA,, , Gujarat, 394101"
              },
              "circle": {
                "gps": "21.2400018,72.8735359",
                "radius": {
                  "unit": "km",
                  "value": "5000"
                }
              },
              "gps": "21.2400018,72.8735359",
              "id": "166236",
              "range": {
                "end": "2300",
                "start": "100"
              },
              "time": {
                "days": "1,2,3,4,5,6,7"
              }
            }
          ],
          "ttl": "P1D"
        }
      ]
    }
  }
}