{
  "context": {
    "action": "on_select",
    "bap_id": "ondc.eunimart.com",
    "bap_uri": "https://ondc.eunimart.com/api/v1/ondc/bap/eunimart_bap/",
    "bpp_id": "ondc.ideamasters.store",
    "bpp_uri": "https://ondc.ideamasters.store/ondc/v1/166476/bpp",
    "city": "std:040",
    "core_version": "1.0.0",
    "country": "IND",
    "domain": "nic2004:52110",
    "message_id": "79467bd2-8944-437d-879e-8d27a8a3a664",
    "timestamp": "2023-01-23T11:20:36.340Z",
    "transaction_id": "10ca3d99-bf19-4620-bf50-3a33b2a2a8d2",
    "ttl": "PT30S"
  },
  "message": {
    "order": {
      "fulfillments": [
        {
          "@ondc/org/TAT": "P4D",
          "@ondc/org/category": "Immediate Delivery",
          "@ondc/org/provider_name": "",
          "id": 1,
          "state": {
            "descriptor": {
              "name": "Serviceable"
            }
          },
          "tracking": false
        }
      ],
      "items": [
        {
          "fulfillment_id": "1",
          "id": "42827894"
        }
      ],
      "provider": {
        "id": "166223"
      },
      "quote": {
        "breakup": [
          {
            "@ondc/org/item_id": "42827894",
            "@ondc/org/item_quantity": {
              "count": 3
            },
            "@ondc/org/title_type": "item",
            "item": {
              "price": {
                "currency": "INR",
                "value": "489.0"
              },
              "quantity": {
                "available": {
                  "count": "9"
                },
                "maximum": {
                  "count": "9"
                }
              }
            },
            "price": {
              "currency": "INR",
              "value": "1467.0"
            },
            "title": "Portable Electric USB Juice Maker Juicer Bottle Blender Grinder Mixer, Rechargeable Juicer Bottle with 6 Blades, Fruit Juicer for All Fruits, Juice Maker Machine (JUICER BOTTLE NEW)"
          }
        ],
        "price": {
          "currency": "INR",
          "value": "1467.0"
        },
        "ttl": "P1D"
      }
    }
  }
}