{
  "context": {
    "action": "on_track",
    "bap_id": "ondc.eunimart.com",
    "bap_uri": "https://ondc.eunimart.com/api/v1/ondc/bap/eunimart_bap/",
    "bpp_id": "ondc.ideamasters.store",
    "bpp_uri": "https://ondc.ideamasters.store/ondc/v1/166476/bpp",
    "city": "std:040",
    "core_version": "1.0.0",
    "country": "IND",
    "domain": "nic2004:52110",
    "message_id": "79bf29ae-130a-46da-8e93-bfd3dd84be34",
    "timestamp": "2023-01-23T11:25:37.329Z",
    "transaction_id": "10ca3d99-bf19-4620-bf50-3a33b2a2a8d2",
    "ttl": "PT30S"
  },
  "message": {
    "tracking": {
      "status": "active",
      "url": "https://track.ondc.cloud/?track=10ca3d99-bf19-4620-bf50-3a33b2a2a8d2"
    }
  }
}