{
  "context": {
    "domain": "nic2004:52110",
    "country": "IND",
    "city": "std:040",
    "action": "select",
    "core_version": "1.0.0",
    "bap_id": "ondc.eunimart.com",
    "bap_uri": "https://ondc.eunimart.com/api/v1/ondc/bap/eunimart_bap/",
    "transaction_id": "10ca3d99-bf19-4620-bf50-3a33b2a2a8d2",
    "ttl": "PT30S",
    "message_id": "79467bd2-8944-437d-879e-8d27a8a3a664",
    "timestamp": "2023-01-23T11:20:35.977Z",
    "bpp_id": "ondc.ideamasters.store",
    "bpp_uri": "https://ondc.ideamasters.store/ondc/v1/166476/bpp"
  },
  "message": {
    "order": {
      "items": [
        {
          "id": "42827894",
          "location_id": "166236",
          "quantity": {
            "count": 3
          }
        }
      ],
      "provider": {
        "id": "116108",
        "locations": [
          {
            "id": "166236"
          }
        ]
      },
      "fulfillments": [
        {
          "end": {
            "location": {
              "gps": "17.4485835,78.39080349999999",
              "address": {
                "area_code": "500004"
              }
            }
          }
        }
      ]
    }
  }
}