{
  "context": {
    "domain": "nic2004:52110",
    "country": "IND",
    "city": "std:040",
    "action": "status",
    "core_version": "1.0.0",
    "bap_id": "ondc.eunimart.com",
    "bap_uri": "https://ondc.eunimart.com/api/v1/ondc/bap/eunimart_bap/",
    "transaction_id": "10ca3d99-bf19-4620-bf50-3a33b2a2a8d2",
    "ttl": "PT30S",
    "message_id": "e8dbf1f2-2a94-4a2d-a4f8-5daf815c3513",
    "timestamp": "2023-01-23T11:23:44.505Z",
    "bpp_id": "ondc.ideamasters.store",
    "bpp_uri": "https://ondc.ideamasters.store/ondc/v1/166476/bpp"
  },
  "message": {
    "order_id": "879794ec-94fc-4546-a20f-9cfb0c460a70"
  }
}