{
  "context": {
    "domain": "nic2004:52110",
    "country": "IND",
    "city": "std:040",
    "action": "support",
    "core_version": "1.0.0",
    "bap_id": "ondc.eunimart.com",
    "bap_uri": "https://ondc.eunimart.com/api/v1/ondc/bap/eunimart_bap/",
    "transaction_id": "10ca3d99-bf19-4620-bf50-3a33b2a2a8d2",
    "ttl": "PT30S",
    "message_id": "612f0af4-d1aa-4d81-bfac-559f67f12c94",
    "timestamp": "2023-01-23T11:23:16.732Z",
    "bpp_id": "ondc.ideamasters.store",
    "bpp_uri": "https://ondc.ideamasters.store/ondc/v1/166476/bpp"
  },
  "message": {
    "ref_id": "10ca3d99-bf19-4620-bf50-3a33b2a2a8d2"
  }
}