{
  "context": {
    "domain": "nic2004:52110",
    "country": "IND",
    "city": "std:040",
    "action": "track",
    "core_version": "1.0.0",
    "bap_id": "ondc.eunimart.com",
    "bap_uri": "https://ondc.eunimart.com/api/v1/ondc/bap/eunimart_bap/",
    "transaction_id": "10ca3d99-bf19-4620-bf50-3a33b2a2a8d2",
    "ttl": "PT30S",
    "message_id": "79bf29ae-130a-46da-8e93-bfd3dd84be34",
    "timestamp": "2023-01-23T11:25:37.067Z",
    "bpp_id": "ondc.ideamasters.store",
    "bpp_uri": "https://ondc.ideamasters.store/ondc/v1/166476/bpp"
  },
  "message": {
    "order_id": "879794ec-94fc-4546-a20f-9cfb0c460a70",
    "callback_url": "https://ondc.eunimart.com/api/v1/ondc/bpp/eunimart_bpp/render_tracking"
  }
}